subprocess_time,reported_http_get_time
0.24805927276611328,0.025947093963623047
0.24124884605407715,0.008430242538452148
0.2371971607208252,0.00745701789855957
0.22016000747680664,0.00830698013305664
0.2230820655822754,0.0198361873626709
0.2169809341430664,0.01216888427734375
0.21153926849365234,0.007969141006469727
0.20850896835327148,0.008633136749267578
0.1791689395904541,0.009566068649291992
0.15724897384643555,0.007612705230712891
0.17490816116333008,0.01099705696105957
0.15842890739440918,0.008913993835449219
0.16867303848266602,0.00732111930847168
0.16843724250793457,0.02237224578857422
0.14734983444213867,0.006434202194213867
0.1653280258178711,0.005464076995849609
0.1446089744567871,0.0056569576263427734
0.15467596054077148,0.008334159851074219
0.1394968032836914,0.009495973587036133
0.15035009384155273,0.0062139034271240234
0.16953682899475098,0.01177215576171875
0.15229225158691406,0.00839686393737793
0.17628812789916992,0.006619691848754883
0.16044187545776367,0.007524013519287109
0.17002010345458984,0.008428096771240234
0.17310070991516113,0.014989137649536133
0.17088794708251953,0.0074312686920166016
0.1595456600189209,0.011234760284423828
0.1588139533996582,0.005641937255859375
0.14481782913208008,0.0065000057220458984
0.18368101119995117,0.008307933807373047
0.15854692459106445,0.0064089298248291016
0.1684553623199463,0.007134914398193359
0.16035890579223633,0.007637977600097656
0.1639389991760254,0.013895034790039062
0.13244295120239258,0.006930112838745117
0.15764236450195312,0.013332843780517578
0.14667701721191406,0.006123065948486328
0.13495206832885742,0.008845090866088867
0.11346793174743652,0.008095979690551758
0.18077707290649414,0.013050079345703125
0.12665796279907227,0.007901906967163086
0.16767430305480957,0.016241788864135742
0.16657114028930664,0.014812946319580078
0.16694402694702148,0.010453939437866211
0.17202997207641602,0.010818004608154297
0.1695539951324463,0.015912294387817383
0.1458280086517334,0.006406068801879883
0.13889503479003906,0.013108015060424805
0.1593761444091797,0.025252103805541992
0.151076078414917,0.015557050704956055
0.16440391540527344,0.018897056579589844
0.17273664474487305,0.005960226058959961
0.1807088851928711,0.005981922149658203
0.17153382301330566,0.0071620941162109375
0.1612851619720459,0.008980035781860352
0.13854527473449707,0.007507801055908203
0.10013914108276367,0.0065500736236572266
0.12150311470031738,0.011398077011108398
0.12219381332397461,0.007484912872314453
0.18495607376098633,0.009330272674560547
0.17499184608459473,0.010597944259643555
0.16311383247375488,0.007714986801147461
0.17000770568847656,0.005457162857055664
0.1527700424194336,0.005806684494018555
0.15071940422058105,0.006684780120849609
0.13951420783996582,0.0048999786376953125
0.1568162441253662,0.010238885879516602
0.14947986602783203,0.02493596076965332
0.12694001197814941,0.0065479278564453125
0.1829850673675537,0.004635810852050781
0.16762304306030273,0.007422924041748047
0.17103004455566406,0.006691932678222656
0.14735102653503418,0.007468223571777344
0.1447768211364746,0.019922971725463867
0.14975214004516602,0.021019697189331055
0.15051507949829102,0.005640983581542969
0.13096117973327637,0.005841732025146484
0.12899518013000488,0.00428009033203125
0.10701680183410645,0.010019063949584961
0.16559982299804688,0.015188932418823242
0.16921401023864746,0.01969623565673828
0.16189289093017578,0.005879640579223633
0.13429498672485352,0.007319927215576172
0.17001819610595703,0.008494138717651367
0.16268706321716309,0.006875038146972656
0.12946820259094238,0.007967948913574219
0.16332173347473145,0.0087890625
0.1460111141204834,0.0063707828521728516
0.1134636402130127,0.00641632080078125
0.17774391174316406,0.008857965469360352
0.17219877243041992,0.007860898971557617
0.17046713829040527,0.010341167449951172
0.1472160816192627,0.011220932006835938
0.15225481986999512,0.00663304328918457
0.12084197998046875,0.017218828201293945
0.13774895668029785,0.013216972351074219
0.1449599266052246,0.00887298583984375
0.15780305862426758,0.007337808609008789
0.13631319999694824,0.0040318965911865234
0.17967486381530762,0.006851911544799805
0.1461341381072998,0.006834745407104492
0.15802407264709473,0.006564140319824219
0.16365289688110352,0.0067980289459228516
0.16765475273132324,0.007483959197998047
0.13982796669006348,0.010419845581054688
0.15438199043273926,0.005170345306396484
0.11168479919433594,0.00837397575378418
0.1390080451965332,0.00644993782043457
0.12884831428527832,0.00690007209777832
0.18765521049499512,0.010526895523071289
0.1714022159576416,0.006783008575439453
0.16138505935668945,0.014213085174560547
0.13132905960083008,0.008426904678344727
0.1497337818145752,0.005730152130126953
0.14232707023620605,0.008522987365722656
0.1473832130432129,0.012876033782958984
0.15095806121826172,0.007083892822265625
0.13268280029296875,0.00937509536743164
0.11939191818237305,0.0102081298828125
0.18399286270141602,0.013375043869018555
0.16663002967834473,0.017645835876464844
0.14951014518737793,0.0063359737396240234
0.16194987297058105,0.010369062423706055
0.146867036819458,0.005702972412109375
0.1230020523071289,0.012668848037719727
0.1672959327697754,0.02622699737548828
0.14209198951721191,0.01870107650756836
0.13895297050476074,0.007097005844116211
0.11335587501525879,0.006289958953857422
0.1641077995300293,0.007289886474609375
0.17896389961242676,0.010048151016235352
0.17331886291503906,0.008795738220214844
0.15546488761901855,0.014981985092163086
0.16843891143798828,0.012990236282348633
0.1601560115814209,0.005911111831665039
0.12841129302978516,0.007977962493896484
0.12549614906311035,0.006695985794067383
0.12147831916809082,0.007380962371826172
0.11502289772033691,0.012126922607421875
0.17528986930847168,0.007592201232910156
0.16740036010742188,0.02515721321105957
0.16742682456970215,0.016964197158813477
0.14087700843811035,0.010597944259643555
0.15426301956176758,0.011134862899780273
0.1600649356842041,0.008115053176879883
0.14934110641479492,0.005342960357666016
0.14507699012756348,0.007760047912597656
0.12298917770385742,0.007551908493041992
0.11286282539367676,0.00793910026550293
0.1645832061767578,0.0070569515228271484
0.1538691520690918,0.006545066833496094
0.17182612419128418,0.005030155181884766
0.16590094566345215,0.013022899627685547
0.15454721450805664,0.0067899227142333984
0.13444137573242188,0.0064220428466796875
0.15666508674621582,0.007827997207641602
0.14925384521484375,0.009640932083129883
0.12574386596679688,0.010332345962524414
0.11913490295410156,0.006524801254272461
0.12995624542236328,0.017714977264404297
0.1433122158050537,0.006038665771484375
0.18317008018493652,0.0054128170013427734
0.16355395317077637,0.007200002670288086
0.16838598251342773,0.008665800094604492
0.1547091007232666,0.016714096069335938
0.16355013847351074,0.007475852966308594
0.14166498184204102,0.006195068359375
0.15520787239074707,0.006907939910888672
0.13419604301452637,0.0066721439361572266
0.14721202850341797,0.0055370330810546875
0.1753377914428711,0.03360414505004883
0.16346311569213867,0.01719188690185547
0.17250609397888184,0.006783008575439453
0.17566609382629395,0.006303071975708008
0.15854692459106445,0.01328897476196289
0.14145207405090332,0.007061958312988281
0.175523042678833,0.004976987838745117
0.1474440097808838,0.0062258243560791016
0.16427206993103027,0.006474971771240234
0.17868590354919434,0.007448673248291016
0.17006897926330566,0.008410215377807617
0.15008807182312012,0.006006956100463867
0.15813088417053223,0.007439136505126953
0.1460728645324707,0.0060040950775146484
0.12754106521606445,0.007339000701904297
0.14603304862976074,0.02422785758972168
0.156538724899292,0.007970094680786133
0.15256881713867188,0.007846832275390625
0.12609505653381348,0.007709026336669922
0.1612391471862793,0.015002012252807617
0.18326711654663086,0.007593870162963867
0.1509108543395996,0.006094932556152344
0.1577751636505127,0.02759695053100586
0.15766596794128418,0.007415771484375
0.1455538272857666,0.006490230560302734
0.14074397087097168,0.006357908248901367
0.14676117897033691,0.008583784103393555
0.13864994049072266,0.008923053741455078
0.11869096755981445,0.005797147750854492
0.14957308769226074,0.006120920181274414
0.1567990779876709,0.010402917861938477
0.16865921020507812,0.006610870361328125
0.15326309204101562,0.020144224166870117
0.1586899757385254,0.0068950653076171875
0.15422797203063965,0.013339042663574219
0.15576386451721191,0.007611751556396484
0.14062881469726562,0.015334844589233398
0.15898776054382324,0.009025096893310547
0.16808772087097168,0.004731893539428711
0.39920592308044434,0.10709404945373535
0.38719797134399414,0.006396055221557617
0.3741590976715088,0.018642187118530273
0.4016871452331543,0.0059888362884521484
0.4146108627319336,0.011260986328125
0.40111327171325684,0.008937835693359375
0.39559507369995117,0.06433463096618652
0.3887300491333008,0.016463279724121094
0.40131402015686035,0.0044100284576416016
0.38534092903137207,0.010416746139526367
0.1849048137664795,0.005585908889770508
0.15968990325927734,0.008076190948486328
0.14833498001098633,0.006540060043334961
0.18248295783996582,0.00745701789855957
0.17474889755249023,0.008130073547363281
0.1824352741241455,0.009830236434936523
0.18372607231140137,0.006639242172241211
0.1675419807434082,0.010541677474975586
0.1608748435974121,0.006980180740356445
0.16577625274658203,0.005529165267944336
0.48176002502441406,0.09313416481018066
0.35382795333862305,0.007668018341064453
0.46587204933166504,0.32076001167297363
0.4078860282897949,0.20339584350585938
0.43209314346313477,0.22497892379760742
0.4622349739074707,0.07400894165039062
0.4005160331726074,0.26711201667785645
0.43261098861694336,0.01806807518005371
0.4627358913421631,0.015056133270263672
0.44180727005004883,0.25918126106262207
0.19123601913452148,0.009137153625488281
0.15278983116149902,0.008779048919677734
0.12875008583068848,0.006651878356933594
0.14118409156799316,0.005211830139160156
0.14825081825256348,0.025758028030395508
0.16776108741760254,0.00638890266418457
0.1546781063079834,0.007547855377197266
0.12148714065551758,0.004582881927490234
0.12369704246520996,0.0037550926208496094
0.11534523963928223,0.0035991668701171875
0.15727686882019043,0.0062139034271240234
0.15644383430480957,0.005412101745605469
0.1671617031097412,0.00939798355102539
0.16776394844055176,0.006204843521118164
0.159074068069458,0.007187843322753906
0.13936996459960938,0.012845993041992188
0.11491584777832031,0.006892204284667969
0.14605093002319336,0.006428241729736328
0.1466069221496582,0.005290985107421875
0.15702605247497559,0.0047380924224853516
0.1589066982269287,0.01329803466796875
0.16697025299072266,0.02164292335510254
0.16717004776000977,0.015012025833129883
0.17051982879638672,0.025029897689819336
0.166093111038208,0.018365144729614258
0.17012691497802734,0.010042190551757812
0.1538102626800537,0.015372037887573242
0.15667295455932617,0.008629083633422852
0.16292691230773926,0.027853727340698242
0.15922188758850098,0.004599094390869141
0.16463398933410645,0.009606122970581055
0.16495299339294434,0.008944988250732422
0.16616225242614746,0.008311033248901367
0.1458120346069336,0.0054209232330322266
0.14009714126586914,0.01019597053527832
0.1620161533355713,0.00627899169921875
0.1482219696044922,0.006450176239013672
0.14436984062194824,0.008688926696777344
0.13121891021728516,0.013910055160522461
0.1236870288848877,0.004467964172363281
0.16558599472045898,0.007145881652832031
0.13771486282348633,0.006947040557861328
0.14905405044555664,0.007252931594848633
0.16036105155944824,0.005697011947631836
0.1708540916442871,0.006264925003051758
0.16315507888793945,0.00686192512512207
0.1671450138092041,0.008054971694946289
0.14301180839538574,0.018401145935058594
0.11610698699951172,0.005433082580566406
0.11928415298461914,0.006392955780029297
0.17615818977355957,0.010304689407348633
0.164902925491333,0.0065839290618896484
0.15534591674804688,0.00636601448059082
0.17197680473327637,0.008958101272583008
0.14225196838378906,0.010832071304321289
0.16173505783081055,0.0066678524017333984
0.15069174766540527,0.006214141845703125
0.11379623413085938,0.009947061538696289
0.11819815635681152,0.009529829025268555
0.1138620376586914,0.007398843765258789
0.16912412643432617,0.005738973617553711
0.16328215599060059,0.006501913070678711
0.13811254501342773,0.006635904312133789
0.1589651107788086,0.00591278076171875
0.1438429355621338,0.02222895622253418
0.15778183937072754,0.008610963821411133
0.13821005821228027,0.00855708122253418
0.15159392356872559,0.0073740482330322266
0.13833403587341309,0.008888959884643555
0.11510205268859863,0.005159139633178711
0.2035691738128662,0.021142959594726562
0.193389892578125,0.045565128326416016
0.17958521842956543,0.007102012634277344
0.157073974609375,0.0072209835052490234
0.15518903732299805,0.008028030395507812
0.18846583366394043,0.013012170791625977
0.1677076816558838,0.044439077377319336
0.16977906227111816,0.02359175682067871
0.14883708953857422,0.009009838104248047
0.13001394271850586,0.005412101745605469
0.16225194931030273,0.03757810592651367
0.15617895126342773,0.0073909759521484375
0.16248798370361328,0.016885995864868164
0.14047884941101074,0.005905866622924805
0.1618809700012207,0.007966279983520508
0.15575909614562988,0.020906925201416016
0.13113784790039062,0.0065691471099853516
0.14565682411193848,0.013378143310546875
0.12187790870666504,0.008082866668701172
0.11398983001708984,0.005731821060180664
0.1650397777557373,0.006108999252319336
0.18504095077514648,0.00792074203491211
0.18215680122375488,0.020076990127563477
0.17681193351745605,0.012318134307861328
0.16536879539489746,0.0072100162506103516
0.16514992713928223,0.005768299102783203
0.15059900283813477,0.014018058776855469
0.14875507354736328,0.00833272933959961
0.11222290992736816,0.006778717041015625
0.1151580810546875,0.006821155548095703
0.11860322952270508,0.005440950393676758
0.20010590553283691,0.01623678207397461
0.1861269474029541,0.009239912033081055
0.18553876876831055,0.009962081909179688
0.19246315956115723,0.01390385627746582
0.1840369701385498,0.009743213653564453
0.15345215797424316,0.009009838104248047
0.1826479434967041,0.027478933334350586
0.14090800285339355,0.0063517093658447266
0.11738801002502441,0.005610942840576172
0.14897394180297852,0.02661418914794922
0.14353203773498535,0.010962963104248047
0.14213299751281738,0.03674507141113281
0.11823701858520508,0.006700992584228516
0.15780282020568848,0.00853729248046875
0.13881206512451172,0.006585121154785156
0.13969111442565918,0.006445884704589844
0.1445631980895996,0.00485992431640625
0.11923503875732422,0.004904985427856445
0.10816407203674316,0.00426793098449707
0.16595196723937988,0.008018970489501953
0.1609499454498291,0.0067179203033447266
0.16555523872375488,0.005857944488525391
0.15467381477355957,0.011235237121582031
0.14573192596435547,0.007555246353149414
0.1661090850830078,0.009942054748535156
0.14064717292785645,0.015619039535522461
0.16837787628173828,0.0062830448150634766
0.15611910820007324,0.005766868591308594
0.16019582748413086,0.008411884307861328
0.15720605850219727,0.0062482357025146484
0.16256999969482422,0.00709986686706543
0.1445293426513672,0.008971929550170898
0.14467906951904297,0.0062329769134521484
0.14243102073669434,0.0065250396728515625
0.14473700523376465,0.00665593147277832
0.16863203048706055,0.004601001739501953
0.14615511894226074,0.012781143188476562
0.15198898315429688,0.012366771697998047
0.15824508666992188,0.0046999454498291016
0.17107391357421875,0.014290809631347656
0.17112016677856445,0.023689985275268555
0.14079904556274414,0.008533000946044922
0.165327787399292,0.0066111087799072266
0.15650296211242676,0.013658285140991211
0.15509510040283203,0.007378101348876953
0.15775513648986816,0.00855708122253418
0.11300301551818848,0.006275177001953125
0.13217782974243164,0.011265039443969727
0.1297297477722168,0.005008220672607422
0.1467440128326416,0.005011796951293945
0.15120792388916016,0.006265878677368164
0.16394305229187012,0.010207891464233398
0.15852594375610352,0.006563663482666016
0.16563200950622559,0.0061779022216796875
0.17121100425720215,0.01053309440612793
0.1439821720123291,0.006140947341918945
0.13120007514953613,0.007833719253540039
0.1455211639404297,0.0069849491119384766
0.130964994430542,0.007316112518310547
0.17208290100097656,0.006961822509765625
0.1527080535888672,0.010277032852172852
0.17510318756103516,0.0077631473541259766
0.13073110580444336,0.006781816482543945
0.1631178855895996,0.006373882293701172
0.1584792137145996,0.007141828536987305
0.15774106979370117,0.005494832992553711
0.15331506729125977,0.00645899772644043
0.11849498748779297,0.006238222122192383
0.14005208015441895,0.005853176116943359
0.15622806549072266,0.006803989410400391
0.13982391357421875,0.011823177337646484
0.15974211692810059,0.006607770919799805
0.16503596305847168,0.00737309455871582
0.15484213829040527,0.0066149234771728516
0.11975216865539551,0.00516200065612793
0.1604290008544922,0.007950305938720703
0.1598968505859375,0.0076711177825927734
0.13930010795593262,0.0063228607177734375
0.15023517608642578,0.006124019622802734
0.17194294929504395,0.006480216979980469
0.1408860683441162,0.009994029998779297
0.15442681312561035,0.005837678909301758
0.15195298194885254,0.0064640045166015625
0.1584789752960205,0.008354902267456055
0.16632986068725586,0.006999015808105469
0.15242314338684082,0.007355213165283203
0.14248132705688477,0.00931406021118164
0.15744996070861816,0.007001161575317383
0.14337682723999023,0.008957147598266602
0.14736700057983398,0.01299595832824707
0.1557939052581787,0.007922887802124023
0.1596379280090332,0.00596928596496582
0.16101980209350586,0.007376909255981445
0.16040897369384766,0.0076601505279541016
0.13816308975219727,0.012026786804199219
0.15404891967773438,0.006318092346191406
0.16385674476623535,0.0073430538177490234
0.15627694129943848,0.00763392448425293
0.1349489688873291,0.004886150360107422
0.1720869541168213,0.007903814315795898
0.1383991241455078,0.005965232849121094
0.16461515426635742,0.011794805526733398
0.14613914489746094,0.007066011428833008
0.16435503959655762,0.009459972381591797
0.16132521629333496,0.014148950576782227
0.14540386199951172,0.007631063461303711
0.132965087890625,0.008485794067382812
0.14736509323120117,0.006932973861694336
0.1567859649658203,0.005171775817871094
0.1469099521636963,0.0097198486328125
0.1531078815460205,0.014889001846313477
0.1277608871459961,0.005613088607788086
0.16404294967651367,0.006933927536010742
0.1569509506225586,0.007075786590576172
0.15618205070495605,0.005983114242553711
0.17029404640197754,0.008254289627075195
0.16224408149719238,0.00882267951965332
0.13455605506896973,0.015408039093017578
0.14679503440856934,0.01287698745727539
0.16095423698425293,0.012859821319580078
0.15409398078918457,0.016081809997558594
0.16465306282043457,0.017940998077392578
0.17046213150024414,0.005683183670043945
0.14626002311706543,0.014435768127441406
0.15478301048278809,0.016474246978759766
0.14905595779418945,0.01875901222229004
0.130021333694458,0.010161161422729492
0.1633000373840332,0.0062160491943359375
0.1488189697265625,0.007544994354248047
0.16048884391784668,0.009428977966308594
0.14602398872375488,0.013375282287597656
0.16145992279052734,0.00612187385559082
0.13710594177246094,0.005574941635131836
0.14851784706115723,0.011154890060424805
0.1552419662475586,0.013866901397705078
0.15896010398864746,0.00797891616821289
0.14984607696533203,0.007836103439331055
0.13625192642211914,0.005230903625488281
0.12285900115966797,0.004925966262817383
0.13963890075683594,0.019990921020507812
0.164323091506958,0.005992889404296875
0.17230725288391113,0.010384082794189453
0.14097380638122559,0.0058171749114990234
0.14501190185546875,0.015383243560791016
0.15277314186096191,0.007411956787109375
0.1529550552368164,0.006764888763427734
0.15303969383239746,0.012275218963623047
0.12581610679626465,0.006485939025878906
0.11925506591796875,0.007630109786987305
0.15543174743652344,0.008168220520019531
0.1739950180053711,0.006569862365722656
0.14430522918701172,0.019455909729003906
0.15394210815429688,0.008354902267456055
0.162092924118042,0.008441925048828125
0.15359807014465332,0.007233619689941406
0.1315169334411621,0.006043910980224609
0.14282798767089844,0.00568079948425293
0.13057804107666016,0.007327079772949219
0.1165778636932373,0.0061609745025634766
0.1871781349182129,0.007871150970458984
0.168471097946167,0.007832050323486328
0.1586620807647705,0.006936073303222656
0.16026782989501953,0.006318092346191406
0.14505410194396973,0.007109880447387695
0.1388077735900879,0.0070629119873046875
0.15207290649414062,0.01917409896850586
0.1295919418334961,0.007038116455078125
0.14295411109924316,0.007216930389404297
0.13045620918273926,0.007353067398071289
0.17058897018432617,0.009021997451782227
0.14639782905578613,0.01675105094909668
0.15619182586669922,0.0068399906158447266
0.14921307563781738,0.008271932601928711
0.15796923637390137,0.008074045181274414
0.14972305297851562,0.007451772689819336
0.15277600288391113,0.009411096572875977
0.08786606788635254,0.008233070373535156
0.12305498123168945,0.0070400238037109375
0.11575603485107422,0.0075681209564208984
0.17505288124084473,0.007066249847412109
0.16764402389526367,0.00690913200378418
0.14502501487731934,0.007227182388305664
0.1623380184173584,0.006510257720947266
0.14280986785888672,0.006119966506958008
0.16523218154907227,0.008118629455566406
0.1584169864654541,0.008435964584350586
0.16032791137695312,0.008110761642456055
0.16079378128051758,0.007739067077636719
0.15285396575927734,0.008358001708984375
0.16112208366394043,0.00911092758178711
0.14197874069213867,0.006921052932739258
0.18264508247375488,0.004794120788574219
0.14843487739562988,0.006368160247802734
0.1613602638244629,0.011281967163085938
0.15287113189697266,0.007905960083007812
0.14467883110046387,0.006131172180175781
0.1497502326965332,0.007671833038330078
0.12940120697021484,0.006353855133056641
0.11880087852478027,0.005621194839477539
0.22080206871032715,0.05063509941101074
0.20148611068725586,0.00871896743774414
0.2101151943206787,0.02173304557800293
0.18189573287963867,0.00713801383972168
0.20786476135253906,0.011744976043701172
0.19847321510314941,0.01374197006225586
0.18966913223266602,0.006831169128417969
0.1725330352783203,0.006525993347167969
0.15891814231872559,0.011786937713623047
0.15081405639648438,0.006933927536010742
0.20511221885681152,0.008549213409423828
0.19582223892211914,0.019807100296020508
0.1874370574951172,0.04562115669250488
0.18459415435791016,0.015004873275756836
0.155350923538208,0.008047103881835938
0.17566776275634766,0.007522106170654297
0.16387200355529785,0.005809783935546875
0.155015230178833,0.005833148956298828
0.10758113861083984,0.00771021842956543
0.1212000846862793,0.010644912719726562
0.16961288452148438,0.03927779197692871
0.16080069541931152,0.005449771881103516
0.17551016807556152,0.006485700607299805
0.16331887245178223,0.01958918571472168
0.15778493881225586,0.011499166488647461
0.16333794593811035,0.02330493927001953
0.14920926094055176,0.032572269439697266
0.1492478847503662,0.012178897857666016
0.13232994079589844,0.008364677429199219
0.11015510559082031,0.008450746536254883
0.2054598331451416,0.005192995071411133
0.17678380012512207,0.028533935546875
0.1734778881072998,0.008566856384277344
0.1821150779724121,0.007962226867675781
0.17197585105895996,0.015483856201171875
0.1533501148223877,0.012685060501098633
0.1542041301727295,0.008332014083862305
0.17189812660217285,0.00929403305053711
0.1588459014892578,0.00719904899597168
0.1483299732208252,0.0072650909423828125
0.38476991653442383,0.013279914855957031
0.3891129493713379,0.018281221389770508
0.369143009185791,0.011269092559814453
0.3411521911621094,0.019927024841308594
0.35022711753845215,0.009483098983764648
0.3676269054412842,0.024773836135864258
0.37044572830200195,0.007981061935424805
0.36540699005126953,0.018635034561157227
0.32297492027282715,0.008962154388427734
0.32288694381713867,0.006783962249755859
0.20058107376098633,0.007704973220825195
0.22661089897155762,0.007612943649291992
0.21833491325378418,0.0216672420501709
0.20512795448303223,0.01916027069091797
0.20107412338256836,0.0067408084869384766
0.2034440040588379,0.006896018981933594
0.17724394798278809,0.01474308967590332
0.16664481163024902,0.008600711822509766
0.1779329776763916,0.007925033569335938
0.17470312118530273,0.006150722503662109
0.16780495643615723,0.03243303298950195
0.16312503814697266,0.014972925186157227
0.17302393913269043,0.011562824249267578
0.16413164138793945,0.011423826217651367
0.16530299186706543,0.014570951461791992
0.1516880989074707,0.011512994766235352
0.16845202445983887,0.02182483673095703
0.1634049415588379,0.01917290687561035
0.16022467613220215,0.012171030044555664
0.138901948928833,0.004492044448852539
0.16581225395202637,0.008056163787841797
0.16684699058532715,0.010910987854003906
0.16905617713928223,0.006003856658935547
0.1701490879058838,0.011560916900634766
0.18338298797607422,0.0049479007720947266
0.16519594192504883,0.013963699340820312
0.1624898910522461,0.009736299514770508
0.17523598670959473,0.005113124847412109
0.16031980514526367,0.006470918655395508
0.18449020385742188,0.004931926727294922
0.22243499755859375,0.020483970642089844
0.19502496719360352,0.005740642547607422
0.20534729957580566,0.02061009407043457
0.191054105758667,0.008333921432495117
0.19315719604492188,0.014482975006103516
0.16510272026062012,0.025039196014404297
0.19588112831115723,0.008491039276123047
0.18906593322753906,0.035735130310058594
0.15127778053283691,0.01056218147277832
0.13811182975769043,0.006250143051147461
0.263232946395874,0.01483011245727539
0.3038349151611328,0.023585081100463867
0.3144190311431885,0.016507863998413086
0.2720358371734619,0.01581096649169922
0.28717613220214844,0.016383886337280273
0.2507917881011963,0.011011123657226562
0.2930018901824951,0.009261131286621094
0.2974269390106201,0.010931968688964844
0.20600318908691406,0.008882284164428711
0.25412607192993164,0.008583784103393555
0.21955513954162598,0.011361837387084961
0.22655606269836426,0.005374908447265625
0.21112775802612305,0.00892496109008789
0.20126104354858398,0.008320093154907227
0.2016158103942871,0.0068531036376953125
0.2031388282775879,0.006653785705566406
0.18607330322265625,0.010918855667114258
0.19634199142456055,0.010360956192016602
0.20082688331604004,0.00927114486694336
0.18506073951721191,0.006635904312133789
0.27709388732910156,0.05617403984069824
0.28429126739501953,0.03084421157836914
0.26608991622924805,0.029117822647094727
0.2328500747680664,0.019665002822875977
0.29443883895874023,0.04635500907897949
0.2712841033935547,0.008382797241210938
0.2544090747833252,0.013185977935791016
0.24126696586608887,0.019723892211914062
0.23844695091247559,0.03221607208251953
0.22020196914672852,0.00889134407043457
0.2972099781036377,0.007277011871337891
0.25370192527770996,0.005724906921386719
0.25055384635925293,0.014123201370239258
0.24660992622375488,0.00838923454284668
0.26407289505004883,0.0073337554931640625
0.23230910301208496,0.020080089569091797
0.23445606231689453,0.041158199310302734
0.216447114944458,0.020185232162475586
0.21884894371032715,0.007992982864379883
0.192641019821167,0.018505096435546875
0.19534683227539062,0.03976726531982422
0.18188714981079102,0.013614177703857422
0.17517805099487305,0.0071849822998046875
0.20998191833496094,0.008120059967041016
0.19957804679870605,0.0067098140716552734
0.1898057460784912,0.0065348148345947266
0.19025874137878418,0.007760286331176758
0.14234304428100586,0.024970054626464844
0.15828895568847656,0.009122133255004883
0.13347363471984863,0.013414144515991211
0.315932035446167,0.008050918579101562
0.2996029853820801,0.007734775543212891
0.256195068359375,0.005889892578125
0.2598428726196289,0.006953001022338867
0.27955198287963867,0.011440038681030273
0.26178598403930664,0.008732080459594727
0.2604827880859375,0.0067980289459228516
0.24787116050720215,0.027764081954956055
0.2634902000427246,0.012677907943725586
0.214019775390625,0.006364107131958008
0.1715402603149414,0.005925893783569336
0.1756761074066162,0.008128166198730469
0.17087316513061523,0.006584882736206055
0.17501497268676758,0.02224278450012207
0.18175530433654785,0.0090789794921875
0.16898012161254883,0.006468057632446289
0.1876389980316162,0.005249977111816406
0.16369009017944336,0.011441230773925781
0.15608906745910645,0.008980035781860352
0.14999699592590332,0.007061004638671875
0.26834702491760254,0.053179025650024414
0.27471280097961426,0.01980113983154297
0.2778348922729492,0.010501861572265625
0.2646520137786865,0.06568312644958496
0.2575068473815918,0.006000041961669922
0.23613882064819336,0.05830979347229004
0.27105116844177246,0.007818222045898438
0.23616909980773926,0.008001089096069336
0.2318429946899414,0.016673803329467773
0.2196650505065918,0.009853839874267578
0.20469880104064941,0.00837397575378418
0.18236780166625977,0.008997917175292969
0.18247580528259277,0.00783991813659668
0.17460989952087402,0.00680994987487793
0.15814900398254395,0.008067131042480469
0.17377686500549316,0.010512828826904297
0.13326191902160645,0.014563798904418945
0.16002583503723145,0.00851297378540039
0.13208603858947754,0.007761240005493164
0.12684082984924316,0.005020856857299805
0.1810131072998047,0.022436141967773438
0.18882393836975098,0.010158061981201172
0.17856264114379883,0.006303071975708008
0.1567850112915039,0.008144140243530273
0.16347813606262207,0.0070247650146484375
0.17147302627563477,0.007400035858154297
0.15497088432312012,0.008630037307739258
0.12688612937927246,0.0067708492279052734
0.13666200637817383,0.007294893264770508
0.11625218391418457,0.0076220035552978516
0.1786940097808838,0.020988941192626953
0.15947198867797852,0.021912097930908203
0.1913001537322998,0.006901979446411133
0.1577301025390625,0.01028585433959961
0.18421697616577148,0.008465051651000977
0.18010973930358887,0.034822940826416016
0.16381216049194336,0.030146121978759766
0.1365492343902588,0.022547006607055664
0.15209078788757324,0.00522923469543457
0.14809393882751465,0.003834247589111328
0.2324967384338379,0.01148223876953125
0.24447059631347656,0.012764930725097656
0.22801899909973145,0.02460169792175293
0.23381423950195312,0.02129983901977539
0.2271270751953125,0.006613016128540039
0.21871304512023926,0.02534198760986328
0.2324061393737793,0.007129192352294922
0.21199989318847656,0.013552188873291016
0.20459508895874023,0.014714241027832031
0.2141129970550537,0.006718873977661133
0.16364216804504395,0.020512819290161133
0.1416621208190918,0.009535074234008789
0.16554689407348633,0.007245063781738281
0.177717924118042,0.009261131286621094
0.15606284141540527,0.006150245666503906
0.15694093704223633,0.006058931350708008
0.16572093963623047,0.010321855545043945
0.1057579517364502,0.0063419342041015625
0.12783002853393555,0.005919933319091797
0.11800098419189453,0.004221916198730469
0.1849231719970703,0.00896000862121582
0.17075300216674805,0.010920047760009766
0.1753079891204834,0.012743949890136719
0.17252111434936523,0.010979175567626953
0.14293289184570312,0.007049083709716797
0.15591001510620117,0.01956772804260254
0.14877891540527344,0.0063669681549072266
0.1428840160369873,0.008900165557861328
0.15108513832092285,0.019642114639282227
0.16597318649291992,0.005087852478027344
0.18357586860656738,0.0077669620513916016
0.18446898460388184,0.006166696548461914
0.14778375625610352,0.00830531120300293
0.14373421669006348,0.008620023727416992
0.16658520698547363,0.011561870574951172
0.15781712532043457,0.006574869155883789
0.16549396514892578,0.005901813507080078
0.15367507934570312,0.007666110992431641
0.13303589820861816,0.005923032760620117
0.13439393043518066,0.006001949310302734
0.16115307807922363,0.01331782341003418
0.17582225799560547,0.006223201751708984
0.15908598899841309,0.020537853240966797
0.17656278610229492,0.005903005599975586
0.18177390098571777,0.00604701042175293
0.17703485488891602,0.010458707809448242
0.16914010047912598,0.013476848602294922
0.16588068008422852,0.007867097854614258
0.15086007118225098,0.007046699523925781
0.14094901084899902,0.02231597900390625
0.16871213912963867,0.009476900100708008
0.17294692993164062,0.011948823928833008
0.17281293869018555,0.014658927917480469
0.13898110389709473,0.006390094757080078
0.16572999954223633,0.010386943817138672
0.15947914123535156,0.01919388771057129
0.15221619606018066,0.010175943374633789
0.11849617958068848,0.006329059600830078
0.13883590698242188,0.010279178619384766
0.11517214775085449,0.009411096572875977
0.18366694450378418,0.0066449642181396484
0.20367884635925293,0.03857088088989258
0.22836828231811523,0.007161855697631836
0.24593591690063477,0.009128332138061523
0.2031879425048828,0.008085012435913086
0.23386907577514648,0.009090662002563477
0.17980289459228516,0.011158943176269531
0.21589398384094238,0.006943941116333008
0.19667506217956543,0.02094721794128418
0.18251490592956543,0.02203989028930664
0.18872690200805664,0.009347200393676758
0.19835400581359863,0.024863243103027344
0.20373892784118652,0.009823083877563477
0.1688990592956543,0.00788116455078125
0.19988393783569336,0.03863692283630371
0.1962587833404541,0.033171892166137695
0.13242697715759277,0.00640416145324707
0.17378711700439453,0.015403985977172852
0.1485300064086914,0.007985115051269531
0.16164779663085938,0.004572868347167969
0.2734241485595703,0.005983829498291016
0.22074079513549805,0.006628990173339844
0.23294806480407715,0.011084794998168945
0.25336623191833496,0.01007699966430664
0.23738479614257812,0.009261131286621094
0.24262380599975586,0.007297992706298828
0.24193406105041504,0.00859212875366211
0.24129009246826172,0.017310142517089844
0.2210676670074463,0.006964921951293945
0.21110200881958008,0.012082099914550781
0.20283913612365723,0.026519060134887695
0.20299196243286133,0.005682945251464844
0.19912505149841309,0.006927013397216797
0.18625521659851074,0.014246940612792969
0.19755887985229492,0.007158994674682617
0.18238162994384766,0.016810894012451172
0.1891770362854004,0.014238119125366211
0.18894505500793457,0.01583099365234375
0.174422025680542,0.02333807945251465
0.16959905624389648,0.019760847091674805
0.2599821090698242,0.013197898864746094
0.19746780395507812,0.050598859786987305
0.24570178985595703,0.02645397186279297
0.23612213134765625,0.007740020751953125
0.19774103164672852,0.008888721466064453
0.23198795318603516,0.01298213005065918
0.2311570644378662,0.050138235092163086
0.22719597816467285,0.009962081909179688
0.21492695808410645,0.00872802734375
0.17891311645507812,0.004321098327636719
0.2459549903869629,0.016094207763671875
0.24904799461364746,0.05598616600036621
0.2503781318664551,0.08402895927429199
0.22768831253051758,0.010516881942749023
0.22209596633911133,0.00807499885559082
0.1769399642944336,0.007978200912475586
0.19435501098632812,0.009339332580566406
0.20639824867248535,0.0055201053619384766
0.17601776123046875,0.007784128189086914
0.1525561809539795,0.005009174346923828
0.4084022045135498,0.011291980743408203
0.3728349208831787,0.0276339054107666
0.39355897903442383,0.010043144226074219
0.3833019733428955,0.008152008056640625
0.37996983528137207,0.013691186904907227
0.3641328811645508,0.023342132568359375
0.3704550266265869,0.019312143325805664
0.38297390937805176,0.010338068008422852
0.34008026123046875,0.0100250244140625
0.35869288444519043,0.010999917984008789
0.2002558708190918,0.004837989807128906
0.21323919296264648,0.009773969650268555
0.21609020233154297,0.006754159927368164
0.2124621868133545,0.007315874099731445
0.21992707252502441,0.006364107131958008
0.2163829803466797,0.00938868522644043
0.17859697341918945,0.007277011871337891
0.21042394638061523,0.008137941360473633
0.20807886123657227,0.0055081844329833984
0.1573488712310791,0.008133888244628906
0.18287181854248047,0.02809286117553711
0.1752760410308838,0.007104158401489258
0.1886739730834961,0.006593942642211914
0.18358588218688965,0.00792384147644043
0.1766819953918457,0.011749029159545898
0.1784818172454834,0.02921605110168457
0.15593600273132324,0.008037805557250977
0.164503812789917,0.0066149234771728516
0.1428370475769043,0.006982326507568359
0.14374780654907227,0.005941152572631836
0.18755793571472168,0.008393049240112305
0.15280389785766602,0.006769895553588867
0.1952371597290039,0.007294178009033203
0.1906569004058838,0.007503032684326172
0.17534899711608887,0.006567955017089844
0.16804027557373047,0.00642704963684082
0.16630005836486816,0.009023904800415039
0.18482708930969238,0.013102054595947266
0.17083001136779785,0.015297174453735352
0.16339492797851562,0.0064449310302734375
0.1730940341949463,0.010411977767944336
0.19478416442871094,0.0055179595947265625
0.19118165969848633,0.0064411163330078125
0.13969898223876953,0.012437105178833008
0.16312289237976074,0.008528947830200195
0.1826918125152588,0.010087966918945312
0.14110493659973145,0.027405738830566406
0.16401982307434082,0.013507843017578125
0.14381790161132812,0.00643610954284668
0.13939404487609863,0.0069980621337890625
0.17418909072875977,0.005370140075683594
0.1838216781616211,0.01837611198425293
0.17445111274719238,0.010624170303344727
0.16166973114013672,0.012728214263916016
0.17314887046813965,0.01848292350769043
0.136368989944458,0.009470939636230469
0.13413405418395996,0.007987022399902344
0.15672087669372559,0.008254289627075195
0.13644909858703613,0.010824918746948242
0.1093599796295166,0.00656580924987793
0.180344820022583,0.005935192108154297
0.14097905158996582,0.00663304328918457
0.1492149829864502,0.006626129150390625
0.15123724937438965,0.00763392448425293
0.15630483627319336,0.008409261703491211
0.1345210075378418,0.006040096282958984
0.12022209167480469,0.006245851516723633
0.15433883666992188,0.008408069610595703
0.15401721000671387,0.004517078399658203
0.14477801322937012,0.0047681331634521484
0.1395893096923828,0.0059719085693359375
0.13527607917785645,0.01874685287475586
0.15855002403259277,0.0281829833984375
0.13787508010864258,0.007145881652832031
0.15946531295776367,0.008945941925048828
0.1569077968597412,0.007367134094238281
0.14542198181152344,0.005407810211181641
0.1573801040649414,0.007320880889892578
0.15358471870422363,0.004750967025756836
0.14329099655151367,0.0070040225982666016
0.17569684982299805,0.008824825286865234
0.16328096389770508,0.005146980285644531
0.16242194175720215,0.008154869079589844
0.14096593856811523,0.006711006164550781
0.1548299789428711,0.015796899795532227
0.1382749080657959,0.006223917007446289
0.1634070873260498,0.006544828414916992
0.16069984436035156,0.007102012634277344
0.15039515495300293,0.0076291561126708984
0.1417839527130127,0.006440877914428711
0.1617598533630371,0.015993833541870117
0.14626312255859375,0.006367921829223633
0.17126703262329102,0.008056879043579102
0.16162705421447754,0.009280920028686523
0.12993621826171875,0.007299900054931641
0.15230369567871094,0.013916015625
0.13587188720703125,0.007797956466674805
0.13732194900512695,0.006309986114501953
0.11134099960327148,0.006392002105712891
0.11090302467346191,0.00501704216003418
0.17412304878234863,0.007585048675537109
0.17730379104614258,0.014557123184204102
0.1735842227935791,0.03869175910949707
0.16577601432800293,0.026216983795166016
0.1740889549255371,0.024038076400756836
0.17301511764526367,0.03551602363586426
0.16120123863220215,0.007787942886352539
0.13027119636535645,0.006262063980102539
0.14681410789489746,0.008157968521118164
0.11107587814331055,0.00809788703918457
0.2212071418762207,0.016622066497802734
0.22878003120422363,0.020289182662963867
0.21324396133422852,0.019710063934326172
0.2016761302947998,0.023789167404174805
0.2216651439666748,0.0188291072845459
0.22109317779541016,0.008782148361206055
0.21079611778259277,0.015449047088623047
0.21525788307189941,0.00878596305847168
0.1978597640991211,0.047463178634643555
0.20420503616333008,0.011730194091796875
0.202988862991333,0.007705211639404297
0.1839890480041504,0.03164792060852051
0.20119404792785645,0.006906032562255859
0.16834497451782227,0.008018016815185547
0.15752100944519043,0.007073640823364258
0.12857913970947266,0.006971836090087891
0.14241790771484375,0.009782075881958008
0.11612200736999512,0.00822305679321289
0.12862634658813477,0.006724834442138672
0.12916994094848633,0.005002021789550781
0.1793689727783203,0.0374603271484375
0.13042593002319336,0.006718158721923828
0.17072200775146484,0.009322166442871094
0.1782090663909912,0.006206989288330078
0.15448403358459473,0.007942914962768555
0.17575502395629883,0.01872706413269043
0.17064976692199707,0.007353067398071289
0.17938518524169922,0.011054039001464844
0.16260695457458496,0.00656580924987793
0.1619551181793213,0.006158113479614258
